Address,Ipv6 Next Hop
5000:dd:0:0:0:0:0:0,2401:db00:206a:c002:0:0:0:a001
5000:dd:0:0:0:0:0:0,2401:db00:206a:c002:0:0:0:a002
5000:dd:0:0:0:0:0:0,2401:db00:206a:c002:0:0:0:a003
5000:dd:0:0:0:0:0:0,2401:db00:206a:c002:0:0:0:a004
5000:dd:0:0:0:0:0:0,2401:db00:206a:c002:0:0:0:a005
5000:dd:0:0:0:0:0:0,2401:db00:206a:c002:0:0:0:a006
5000:dd:0:0:0:0:0:0,2401:db00:206a:c002:0:0:0:a007
5000:dd:0:0:0:0:0:0,2401:db00:206a:c002:0:0:0:a008
5000:dd:0:0:0:0:0:0,2401:db00:206a:c002:0:0:0:a009
5000:dd:0:0:0:0:0:0,2401:db00:206a:c002:0:0:0:a00a
5000:dd:0:0:0:0:0:0,2401:db00:206a:c002:0:0:0:a00b
5000:dd:0:0:0:0:0:0,2401:db00:206a:c002:0:0:0:a00c
5000:dd:0:0:0:0:0:0,2401:db00:206a:c002:0:0:0:a00d
5000:dd:0:0:0:0:0:0,2401:db00:206a:c002:0:0:0:a00e
5000:dd:0:0:0:0:0:0,2401:db00:206a:c002:0:0:0:a00f
5000:dd:0:0:0:0:0:0,2401:db00:206a:c002:0:0:0:a010
5000:dd:0:0:0:0:0:0,2401:db00:206a:c002:0:0:0:a011
5000:dd:0:0:0:0:0:0,2401:db00:206a:c002:0:0:0:a012
5000:dd:0:0:0:0:0:0,2401:db00:206a:c002:0:0:0:a013
5000:dd:0:0:0:0:0:0,2401:db00:206a:c002:0:0:0:a014
5000:dd:0:0:0:0:0:0,2401:db00:206a:c002:0:0:0:a015
5000:dd:0:0:0:0:0:0,2401:db00:206a:c002:0:0:0:a016
5000:dd:0:0:0:0:0:0,2401:db00:206a:c002:0:0:0:a017
5000:dd:0:0:0:0:0:0,2401:db00:206a:c002:0:0:0:a018
5000:dd:0:0:0:0:0:0,2401:db00:206a:c002:0:0:0:a019
5000:dd:0:0:0:0:0:0,2401:db00:206a:c002:0:0:0:a01a
5000:dd:0:0:0:0:0:0,2401:db00:206a:c002:0:0:0:a01b
5000:dd:0:0:0:0:0:0,2401:db00:206a:c002:0:0:0:a01c
5000:dd:0:0:0:0:0:0,2401:db00:206a:c002:0:0:0:a01d
5000:dd:0:0:0:0:0:0,2401:db00:206a:c002:0:0:0:a01e
5000:dd:0:0:0:0:0:0,2401:db00:206a:c002:0:0:0:a01f
5000:dd:0:0:0:0:0:0,2401:db00:206a:c002:0:0:0:a020
5000:dd:0:0:0:0:0:0,2401:db00:206a:c002:0:0:0:a021
5000:dd:0:0:0:0:0:0,2401:db00:206a:c002:0:0:0:a022
5000:dd:0:0:0:0:0:0,2401:db00:206a:c002:0:0:0:a023
5000:dd:0:0:0:0:0:0,2401:db00:206a:c002:0:0:0:a024
5000:dd:0:0:0:0:0:0,2401:db00:206a:c002:0:0:0:a025
5000:dd:0:0:0:0:0:0,2401:db00:206a:c002:0:0:0:a026
5000:dd:0:0:0:0:0:0,2401:db00:206a:c002:0:0:0:a027
5000:dd:0:0:0:0:0:0,2401:db00:206a:c002:0:0:0:a028
5000:dd:0:0:0:0:0:0,2401:db00:206a:c002:0:0:0:a029
5000:dd:0:0:0:0:0:0,2401:db00:206a:c002:0:0:0:a02a
5000:dd:0:0:0:0:0:0,2401:db00:206a:c002:0:0:0:a02b
5000:dd:0:0:0:0:0:0,2401:db00:206a:c002:0:0:0:a02c
5000:dd:0:0:0:0:0:0,2401:db00:206a:c002:0:0:0:a02d
5000:dd:0:0:0:0:0:0,2401:db00:206a:c002:0:0:0:a02e
5000:dd:0:0:0:0:0:0,2401:db00:206a:c002:0:0:0:a02f
5000:dd:0:0:0:0:0:0,2401:db00:206a:c002:0:0:0:a030
5000:dd:0:0:0:0:0:0,2401:db00:206a:c002:0:0:0:a031
5000:dd:0:0:0:0:0:0,2401:db00:206a:c002:0:0:0:a032
5000:dd:0:0:0:0:0:0,2401:db00:206a:c002:0:0:0:a033
5000:dd:0:0:0:0:0:0,2401:db00:206a:c002:0:0:0:a034
5000:dd:0:0:0:0:0:0,2401:db00:206a:c002:0:0:0:a035
5000:dd:0:0:0:0:0:0,2401:db00:206a:c002:0:0:0:a036
5000:dd:0:0:0:0:0:0,2401:db00:206a:c002:0:0:0:a037
5000:dd:0:0:0:0:0:0,2401:db00:206a:c002:0:0:0:a038
5000:dd:0:0:0:0:0:0,2401:db00:206a:c002:0:0:0:a039
5000:dd:0:0:0:0:0:0,2401:db00:206a:c002:0:0:0:a03a
5000:dd:0:0:0:0:0:0,2401:db00:206a:c002:0:0:0:a03b
5000:dd:0:0:0:0:0:0,2401:db00:206a:c002:0:0:0:a03c
5000:dd:0:0:0:0:0:0,2401:db00:206a:c002:0:0:0:a03d
5000:dd:0:0:0:0:0:0,2401:db00:206a:c002:0:0:0:a03e
5000:dd:0:0:0:0:0:0,2401:db00:206a:c002:0:0:0:a03f
5000:dd:0:0:0:0:0:0,2401:db00:206a:c002:0:0:0:a040
5000:dd:0:0:0:0:0:0,2401:db00:206a:c002:0:0:0:a041
5000:dd:0:0:0:0:0:0,2401:db00:206a:c002:0:0:0:a042
5000:dd:0:0:0:0:0:0,2401:db00:206a:c002:0:0:0:a043
5000:dd:0:0:0:0:0:0,2401:db00:206a:c002:0:0:0:a044
5000:dd:0:0:0:0:0:0,2401:db00:206a:c002:0:0:0:a045
5000:dd:0:0:0:0:0:0,2401:db00:206a:c002:0:0:0:a046
5000:dd:0:0:0:0:0:0,2401:db00:206a:c002:0:0:0:a047
5000:dd:0:0:0:0:0:0,2401:db00:206a:c002:0:0:0:a048
5000:dd:0:0:0:0:0:0,2401:db00:206a:c002:0:0:0:a049
5000:dd:0:0:0:0:0:0,2401:db00:206a:c002:0:0:0:a04a
5000:dd:0:0:0:0:0:0,2401:db00:206a:c002:0:0:0:a04b
5000:dd:0:0:0:0:0:0,2401:db00:206a:c002:0:0:0:a04c
5000:dd:0:0:0:0:0:0,2401:db00:206a:c002:0:0:0:a04d
5000:dd:0:0:0:0:0:0,2401:db00:206a:c002:0:0:0:a04e
5000:dd:0:0:0:0:0:0,2401:db00:206a:c002:0:0:0:a04f
5000:dd:0:0:0:0:0:0,2401:db00:206a:c002:0:0:0:a050
5000:dd:0:0:0:0:0:0,2401:db00:206a:c002:0:0:0:a051
5000:dd:0:0:0:0:0:0,2401:db00:206a:c002:0:0:0:a052
5000:dd:0:0:0:0:0:0,2401:db00:206a:c002:0:0:0:a053
5000:dd:0:0:0:0:0:0,2401:db00:206a:c002:0:0:0:a054
5000:dd:0:0:0:0:0:0,2401:db00:206a:c002:0:0:0:a055
5000:dd:0:0:0:0:0:0,2401:db00:206a:c002:0:0:0:a056
5000:dd:0:0:0:0:0:0,2401:db00:206a:c002:0:0:0:a057
5000:dd:0:0:0:0:0:0,2401:db00:206a:c002:0:0:0:a058
5000:dd:0:0:0:0:0:0,2401:db00:206a:c002:0:0:0:a059
5000:dd:0:0:0:0:0:0,2401:db00:206a:c002:0:0:0:a05a
5000:dd:0:0:0:0:0:0,2401:db00:206a:c002:0:0:0:a05b
5000:dd:0:0:0:0:0:0,2401:db00:206a:c002:0:0:0:a05c
5000:dd:0:0:0:0:0:0,2401:db00:206a:c002:0:0:0:a05d
5000:dd:0:0:0:0:0:0,2401:db00:206a:c002:0:0:0:a05e
5000:dd:0:0:0:0:0:0,2401:db00:206a:c002:0:0:0:a05f
5000:dd:0:0:0:0:0:0,2401:db00:206a:c002:0:0:0:a060
5000:dd:0:0:0:0:0:0,2401:db00:206a:c002:0:0:0:a061
5000:dd:0:0:0:0:0:0,2401:db00:206a:c002:0:0:0:a062
5000:dd:0:0:0:0:0:0,2401:db00:206a:c002:0:0:0:a063
5000:dd:0:0:0:0:0:0,2401:db00:206a:c002:0:0:0:a064
5000:dd:0:0:0:0:0:0,2401:db00:206a:c002:0:0:0:a065
5000:dd:0:0:0:0:0:0,2401:db00:206a:c002:0:0:0:a066
5000:dd:0:0:0:0:0:0,2401:db00:206a:c002:0:0:0:a067
5000:dd:0:0:0:0:0:0,2401:db00:206a:c002:0:0:0:a068
5000:dd:0:0:0:0:0:0,2401:db00:206a:c002:0:0:0:a069
5000:dd:0:0:0:0:0:0,2401:db00:206a:c002:0:0:0:a06a
5000:dd:0:0:0:0:0:0,2401:db00:206a:c002:0:0:0:a06b
5000:dd:0:0:0:0:0:0,2401:db00:206a:c002:0:0:0:a06c
5000:dd:0:0:0:0:0:0,2401:db00:206a:c002:0:0:0:a06d
5000:dd:0:0:0:0:0:0,2401:db00:206a:c002:0:0:0:a06e
5000:dd:0:0:0:0:0:0,2401:db00:206a:c002:0:0:0:a06f
5000:dd:0:0:0:0:0:0,2401:db00:206a:c002:0:0:0:a070
5000:dd:0:0:0:0:0:0,2401:db00:206a:c002:0:0:0:a071
5000:dd:0:0:0:0:0:0,2401:db00:206a:c002:0:0:0:a072
5000:dd:0:0:0:0:0:0,2401:db00:206a:c002:0:0:0:a073
5000:dd:0:0:0:0:0:0,2401:db00:206a:c002:0:0:0:a074
5000:dd:0:0:0:0:0:0,2401:db00:206a:c002:0:0:0:a075
5000:dd:0:0:0:0:0:0,2401:db00:206a:c002:0:0:0:a076
5000:dd:0:0:0:0:0:0,2401:db00:206a:c002:0:0:0:a077
5000:dd:0:0:0:0:0:0,2401:db00:206a:c002:0:0:0:a078
5000:dd:0:1:0:0:0:0,2401:db00:206a:c002:0:0:0:a079
5000:dd:0:1:0:0:0:0,2401:db00:206a:c002:0:0:0:a07a
5000:dd:0:1:0:0:0:0,2401:db00:206a:c002:0:0:0:a07b
5000:dd:0:1:0:0:0:0,2401:db00:206a:c002:0:0:0:a07c
5000:dd:0:1:0:0:0:0,2401:db00:206a:c002:0:0:0:a07d
5000:dd:0:1:0:0:0:0,2401:db00:206a:c002:0:0:0:a07e
5000:dd:0:1:0:0:0:0,2401:db00:206a:c002:0:0:0:a07f
5000:dd:0:1:0:0:0:0,2401:db00:206a:c002:0:0:0:a080
5000:dd:0:1:0:0:0:0,2401:db00:206a:c002:0:0:0:a001
5000:dd:0:1:0:0:0:0,2401:db00:206a:c002:0:0:0:a002
5000:dd:0:1:0:0:0:0,2401:db00:206a:c002:0:0:0:a003
5000:dd:0:1:0:0:0:0,2401:db00:206a:c002:0:0:0:a004
5000:dd:0:1:0:0:0:0,2401:db00:206a:c002:0:0:0:a005
5000:dd:0:1:0:0:0:0,2401:db00:206a:c002:0:0:0:a006
5000:dd:0:1:0:0:0:0,2401:db00:206a:c002:0:0:0:a007
5000:dd:0:1:0:0:0:0,2401:db00:206a:c002:0:0:0:a008
5000:dd:0:1:0:0:0:0,2401:db00:206a:c002:0:0:0:a009
5000:dd:0:1:0:0:0:0,2401:db00:206a:c002:0:0:0:a00a
5000:dd:0:1:0:0:0:0,2401:db00:206a:c002:0:0:0:a00b
5000:dd:0:1:0:0:0:0,2401:db00:206a:c002:0:0:0:a00c
5000:dd:0:1:0:0:0:0,2401:db00:206a:c002:0:0:0:a00d
5000:dd:0:1:0:0:0:0,2401:db00:206a:c002:0:0:0:a00e
5000:dd:0:1:0:0:0:0,2401:db00:206a:c002:0:0:0:a00f
5000:dd:0:1:0:0:0:0,2401:db00:206a:c002:0:0:0:a010
5000:dd:0:1:0:0:0:0,2401:db00:206a:c002:0:0:0:a011
5000:dd:0:1:0:0:0:0,2401:db00:206a:c002:0:0:0:a012
5000:dd:0:1:0:0:0:0,2401:db00:206a:c002:0:0:0:a013
5000:dd:0:1:0:0:0:0,2401:db00:206a:c002:0:0:0:a014
5000:dd:0:1:0:0:0:0,2401:db00:206a:c002:0:0:0:a015
5000:dd:0:1:0:0:0:0,2401:db00:206a:c002:0:0:0:a016
5000:dd:0:1:0:0:0:0,2401:db00:206a:c002:0:0:0:a017
5000:dd:0:1:0:0:0:0,2401:db00:206a:c002:0:0:0:a018
5000:dd:0:1:0:0:0:0,2401:db00:206a:c002:0:0:0:a019
5000:dd:0:1:0:0:0:0,2401:db00:206a:c002:0:0:0:a01a
5000:dd:0:1:0:0:0:0,2401:db00:206a:c002:0:0:0:a01b
5000:dd:0:1:0:0:0:0,2401:db00:206a:c002:0:0:0:a01c
5000:dd:0:1:0:0:0:0,2401:db00:206a:c002:0:0:0:a01d
5000:dd:0:1:0:0:0:0,2401:db00:206a:c002:0:0:0:a01e
5000:dd:0:1:0:0:0:0,2401:db00:206a:c002:0:0:0:a01f
5000:dd:0:1:0:0:0:0,2401:db00:206a:c002:0:0:0:a020
5000:dd:0:1:0:0:0:0,2401:db00:206a:c002:0:0:0:a021
5000:dd:0:1:0:0:0:0,2401:db00:206a:c002:0:0:0:a022
5000:dd:0:1:0:0:0:0,2401:db00:206a:c002:0:0:0:a023
5000:dd:0:1:0:0:0:0,2401:db00:206a:c002:0:0:0:a024
5000:dd:0:1:0:0:0:0,2401:db00:206a:c002:0:0:0:a025
5000:dd:0:1:0:0:0:0,2401:db00:206a:c002:0:0:0:a026
5000:dd:0:1:0:0:0:0,2401:db00:206a:c002:0:0:0:a027
5000:dd:0:1:0:0:0:0,2401:db00:206a:c002:0:0:0:a028
5000:dd:0:1:0:0:0:0,2401:db00:206a:c002:0:0:0:a029
5000:dd:0:1:0:0:0:0,2401:db00:206a:c002:0:0:0:a02a
5000:dd:0:1:0:0:0:0,2401:db00:206a:c002:0:0:0:a02b
5000:dd:0:1:0:0:0:0,2401:db00:206a:c002:0:0:0:a02c
5000:dd:0:1:0:0:0:0,2401:db00:206a:c002:0:0:0:a02d
5000:dd:0:1:0:0:0:0,2401:db00:206a:c002:0:0:0:a02e
5000:dd:0:1:0:0:0:0,2401:db00:206a:c002:0:0:0:a02f
5000:dd:0:1:0:0:0:0,2401:db00:206a:c002:0:0:0:a030
5000:dd:0:1:0:0:0:0,2401:db00:206a:c002:0:0:0:a031
5000:dd:0:1:0:0:0:0,2401:db00:206a:c002:0:0:0:a032
5000:dd:0:1:0:0:0:0,2401:db00:206a:c002:0:0:0:a033
5000:dd:0:1:0:0:0:0,2401:db00:206a:c002:0:0:0:a034
5000:dd:0:1:0:0:0:0,2401:db00:206a:c002:0:0:0:a035
5000:dd:0:1:0:0:0:0,2401:db00:206a:c002:0:0:0:a036
5000:dd:0:1:0:0:0:0,2401:db00:206a:c002:0:0:0:a037
5000:dd:0:1:0:0:0:0,2401:db00:206a:c002:0:0:0:a038
5000:dd:0:1:0:0:0:0,2401:db00:206a:c002:0:0:0:a039
5000:dd:0:1:0:0:0:0,2401:db00:206a:c002:0:0:0:a03a
5000:dd:0:1:0:0:0:0,2401:db00:206a:c002:0:0:0:a03b
5000:dd:0:1:0:0:0:0,2401:db00:206a:c002:0:0:0:a03c
5000:dd:0:1:0:0:0:0,2401:db00:206a:c002:0:0:0:a03d
5000:dd:0:1:0:0:0:0,2401:db00:206a:c002:0:0:0:a03e
5000:dd:0:1:0:0:0:0,2401:db00:206a:c002:0:0:0:a03f
5000:dd:0:1:0:0:0:0,2401:db00:206a:c002:0:0:0:a040
5000:dd:0:1:0:0:0:0,2401:db00:206a:c002:0:0:0:a041
5000:dd:0:1:0:0:0:0,2401:db00:206a:c002:0:0:0:a042
5000:dd:0:1:0:0:0:0,2401:db00:206a:c002:0:0:0:a043
5000:dd:0:1:0:0:0:0,2401:db00:206a:c002:0:0:0:a044
5000:dd:0:1:0:0:0:0,2401:db00:206a:c002:0:0:0:a045
5000:dd:0:1:0:0:0:0,2401:db00:206a:c002:0:0:0:a046
5000:dd:0:1:0:0:0:0,2401:db00:206a:c002:0:0:0:a047
5000:dd:0:1:0:0:0:0,2401:db00:206a:c002:0:0:0:a048
5000:dd:0:1:0:0:0:0,2401:db00:206a:c002:0:0:0:a049
5000:dd:0:1:0:0:0:0,2401:db00:206a:c002:0:0:0:a04a
5000:dd:0:1:0:0:0:0,2401:db00:206a:c002:0:0:0:a04b
5000:dd:0:1:0:0:0:0,2401:db00:206a:c002:0:0:0:a04c
5000:dd:0:1:0:0:0:0,2401:db00:206a:c002:0:0:0:a04d
5000:dd:0:1:0:0:0:0,2401:db00:206a:c002:0:0:0:a04e
5000:dd:0:1:0:0:0:0,2401:db00:206a:c002:0:0:0:a04f
5000:dd:0:1:0:0:0:0,2401:db00:206a:c002:0:0:0:a050
5000:dd:0:1:0:0:0:0,2401:db00:206a:c002:0:0:0:a051
5000:dd:0:1:0:0:0:0,2401:db00:206a:c002:0:0:0:a052
5000:dd:0:1:0:0:0:0,2401:db00:206a:c002:0:0:0:a053
5000:dd:0:1:0:0:0:0,2401:db00:206a:c002:0:0:0:a054
5000:dd:0:1:0:0:0:0,2401:db00:206a:c002:0:0:0:a055
5000:dd:0:1:0:0:0:0,2401:db00:206a:c002:0:0:0:a056
5000:dd:0:1:0:0:0:0,2401:db00:206a:c002:0:0:0:a057
5000:dd:0:1:0:0:0:0,2401:db00:206a:c002:0:0:0:a058
5000:dd:0:1:0:0:0:0,2401:db00:206a:c002:0:0:0:a059
5000:dd:0:1:0:0:0:0,2401:db00:206a:c002:0:0:0:a05a
5000:dd:0:1:0:0:0:0,2401:db00:206a:c002:0:0:0:a05b
5000:dd:0:1:0:0:0:0,2401:db00:206a:c002:0:0:0:a05c
5000:dd:0:1:0:0:0:0,2401:db00:206a:c002:0:0:0:a05d
5000:dd:0:1:0:0:0:0,2401:db00:206a:c002:0:0:0:a05e
5000:dd:0:1:0:0:0:0,2401:db00:206a:c002:0:0:0:a05f
5000:dd:0:1:0:0:0:0,2401:db00:206a:c002:0:0:0:a060
5000:dd:0:1:0:0:0:0,2401:db00:206a:c002:0:0:0:a061
5000:dd:0:1:0:0:0:0,2401:db00:206a:c002:0:0:0:a062
5000:dd:0:1:0:0:0:0,2401:db00:206a:c002:0:0:0:a063
5000:dd:0:1:0:0:0:0,2401:db00:206a:c002:0:0:0:a064
5000:dd:0:1:0:0:0:0,2401:db00:206a:c002:0:0:0:a065
5000:dd:0:1:0:0:0:0,2401:db00:206a:c002:0:0:0:a066
5000:dd:0:1:0:0:0:0,2401:db00:206a:c002:0:0:0:a067
5000:dd:0:1:0:0:0:0,2401:db00:206a:c002:0:0:0:a068
5000:dd:0:1:0:0:0:0,2401:db00:206a:c002:0:0:0:a069
5000:dd:0:1:0:0:0:0,2401:db00:206a:c002:0:0:0:a06a
5000:dd:0:1:0:0:0:0,2401:db00:206a:c002:0:0:0:a06b
5000:dd:0:1:0:0:0:0,2401:db00:206a:c002:0:0:0:a06c
5000:dd:0:1:0:0:0:0,2401:db00:206a:c002:0:0:0:a06d
5000:dd:0:1:0:0:0:0,2401:db00:206a:c002:0:0:0:a06e
5000:dd:0:1:0:0:0:0,2401:db00:206a:c002:0:0:0:a06f
5000:dd:0:1:0:0:0:0,2401:db00:206a:c002:0:0:0:a070
5000:dd:0:384:0:0:0:0,2401:db00:206a:c002:0:0:0:a081
5000:dd:0:384:0:0:0:0,2401:db00:206a:c002:0:0:0:a001
5000:dd:0:384:0:0:0:0,2401:db00:206a:c002:0:0:0:a002
5000:dd:0:384:0:0:0:0,2401:db00:206a:c002:0:0:0:a003
5000:dd:0:384:0:0:0:0,2401:db00:206a:c002:0:0:0:a004
5000:dd:0:384:0:0:0:0,2401:db00:206a:c002:0:0:0:a005
5000:dd:0:384:0:0:0:0,2401:db00:206a:c002:0:0:0:a006
5000:dd:0:384:0:0:0:0,2401:db00:206a:c002:0:0:0:a007
5000:dd:0:384:0:0:0:0,2401:db00:206a:c002:0:0:0:a008
5000:dd:0:384:0:0:0:0,2401:db00:206a:c002:0:0:0:a009
5000:dd:0:384:0:0:0:0,2401:db00:206a:c002:0:0:0:a00a
5000:dd:0:384:0:0:0:0,2401:db00:206a:c002:0:0:0:a00b
5000:dd:0:384:0:0:0:0,2401:db00:206a:c002:0:0:0:a00c
5000:dd:0:384:0:0:0:0,2401:db00:206a:c002:0:0:0:a00d
5000:dd:0:384:0:0:0:0,2401:db00:206a:c002:0:0:0:a00e
5000:dd:0:384:0:0:0:0,2401:db00:206a:c002:0:0:0:a00f
5000:dd:0:384:0:0:0:0,2401:db00:206a:c002:0:0:0:a010
5000:dd:0:384:0:0:0:0,2401:db00:206a:c002:0:0:0:a011
5000:dd:0:384:0:0:0:0,2401:db00:206a:c002:0:0:0:a012
5000:dd:0:384:0:0:0:0,2401:db00:206a:c002:0:0:0:a013
5000:dd:0:384:0:0:0:0,2401:db00:206a:c002:0:0:0:a014
5000:dd:0:384:0:0:0:0,2401:db00:206a:c002:0:0:0:a015
5000:dd:0:384:0:0:0:0,2401:db00:206a:c002:0:0:0:a016
5000:dd:0:384:0:0:0:0,2401:db00:206a:c002:0:0:0:a017
5000:dd:0:384:0:0:0:0,2401:db00:206a:c002:0:0:0:a018
5000:dd:0:384:0:0:0:0,2401:db00:206a:c002:0:0:0:a019
5000:dd:0:384:0:0:0:0,2401:db00:206a:c002:0:0:0:a01a
5000:dd:0:384:0:0:0:0,2401:db00:206a:c002:0:0:0:a01b
5000:dd:0:384:0:0:0:0,2401:db00:206a:c002:0:0:0:a01c
5000:dd:0:384:0:0:0:0,2401:db00:206a:c002:0:0:0:a01d
5000:dd:0:384:0:0:0:0,2401:db00:206a:c002:0:0:0:a01e
5000:dd:0:384:0:0:0:0,2401:db00:206a:c002:0:0:0:a01f
5000:dd:0:384:0:0:0:0,2401:db00:206a:c002:0:0:0:a020
5000:dd:0:384:0:0:0:0,2401:db00:206a:c002:0:0:0:a021
5000:dd:0:384:0:0:0:0,2401:db00:206a:c002:0:0:0:a022
5000:dd:0:384:0:0:0:0,2401:db00:206a:c002:0:0:0:a023
5000:dd:0:384:0:0:0:0,2401:db00:206a:c002:0:0:0:a024
5000:dd:0:384:0:0:0:0,2401:db00:206a:c002:0:0:0:a025
5000:dd:0:384:0:0:0:0,2401:db00:206a:c002:0:0:0:a026
5000:dd:0:384:0:0:0:0,2401:db00:206a:c002:0:0:0:a027
5000:dd:0:384:0:0:0:0,2401:db00:206a:c002:0:0:0:a028
5000:dd:0:384:0:0:0:0,2401:db00:206a:c002:0:0:0:a029
5000:dd:0:384:0:0:0:0,2401:db00:206a:c002:0:0:0:a02a
5000:dd:0:384:0:0:0:0,2401:db00:206a:c002:0:0:0:a02b
5000:dd:0:384:0:0:0:0,2401:db00:206a:c002:0:0:0:a02c
5000:dd:0:384:0:0:0:0,2401:db00:206a:c002:0:0:0:a02d
5000:dd:0:384:0:0:0:0,2401:db00:206a:c002:0:0:0:a02e
5000:dd:0:384:0:0:0:0,2401:db00:206a:c002:0:0:0:a02f
5000:dd:0:384:0:0:0:0,2401:db00:206a:c002:0:0:0:a030
5000:dd:0:384:0:0:0:0,2401:db00:206a:c002:0:0:0:a031
5000:dd:0:384:0:0:0:0,2401:db00:206a:c002:0:0:0:a032
5000:dd:0:384:0:0:0:0,2401:db00:206a:c002:0:0:0:a033
5000:dd:0:384:0:0:0:0,2401:db00:206a:c002:0:0:0:a034
5000:dd:0:384:0:0:0:0,2401:db00:206a:c002:0:0:0:a035
5000:dd:0:384:0:0:0:0,2401:db00:206a:c002:0:0:0:a036
5000:dd:0:384:0:0:0:0,2401:db00:206a:c002:0:0:0:a037
5000:dd:0:384:0:0:0:0,2401:db00:206a:c002:0:0:0:a038
5000:dd:0:384:0:0:0:0,2401:db00:206a:c002:0:0:0:a039
5000:dd:0:384:0:0:0:0,2401:db00:206a:c002:0:0:0:a03a
5000:dd:0:384:0:0:0:0,2401:db00:206a:c002:0:0:0:a03b
5000:dd:0:384:0:0:0:0,2401:db00:206a:c002:0:0:0:a03c
5000:dd:0:384:0:0:0:0,2401:db00:206a:c002:0:0:0:a03d
5000:dd:0:384:0:0:0:0,2401:db00:206a:c002:0:0:0:a03e
5000:dd:0:384:0:0:0:0,2401:db00:206a:c002:0:0:0:a03f
5000:dd:0:384:0:0:0:0,2401:db00:206a:c002:0:0:0:a040
5000:dd:0:384:0:0:0:0,2401:db00:206a:c002:0:0:0:a041
5000:dd:0:384:0:0:0:0,2401:db00:206a:c002:0:0:0:a042
5000:dd:0:384:0:0:0:0,2401:db00:206a:c002:0:0:0:a043
5000:dd:0:384:0:0:0:0,2401:db00:206a:c002:0:0:0:a044
5000:dd:0:384:0:0:0:0,2401:db00:206a:c002:0:0:0:a045
5000:dd:0:384:0:0:0:0,2401:db00:206a:c002:0:0:0:a046
5000:dd:0:384:0:0:0:0,2401:db00:206a:c002:0:0:0:a047
5000:dd:0:384:0:0:0:0,2401:db00:206a:c002:0:0:0:a048
5000:dd:0:384:0:0:0:0,2401:db00:206a:c002:0:0:0:a049
5000:dd:0:384:0:0:0:0,2401:db00:206a:c002:0:0:0:a04a
5000:dd:0:384:0:0:0:0,2401:db00:206a:c002:0:0:0:a04b
5000:dd:0:384:0:0:0:0,2401:db00:206a:c002:0:0:0:a04c
5000:dd:0:384:0:0:0:0,2401:db00:206a:c002:0:0:0:a04d
5000:dd:0:384:0:0:0:0,2401:db00:206a:c002:0:0:0:a04e
5000:dd:0:384:0:0:0:0,2401:db00:206a:c002:0:0:0:a04f
5000:dd:0:384:0:0:0:0,2401:db00:206a:c002:0:0:0:a050
5000:dd:0:384:0:0:0:0,2401:db00:206a:c002:0:0:0:a051
5000:dd:0:384:0:0:0:0,2401:db00:206a:c002:0:0:0:a052
5000:dd:0:384:0:0:0:0,2401:db00:206a:c002:0:0:0:a053
5000:dd:0:384:0:0:0:0,2401:db00:206a:c002:0:0:0:a054
5000:dd:0:384:0:0:0:0,2401:db00:206a:c002:0:0:0:a055
5000:dd:0:384:0:0:0:0,2401:db00:206a:c002:0:0:0:a056
5000:dd:0:384:0:0:0:0,2401:db00:206a:c002:0:0:0:a057
5000:dd:0:384:0:0:0:0,2401:db00:206a:c002:0:0:0:a058
5000:dd:0:384:0:0:0:0,2401:db00:206a:c002:0:0:0:a059
5000:dd:0:384:0:0:0:0,2401:db00:206a:c002:0:0:0:a05a
5000:dd:0:384:0:0:0:0,2401:db00:206a:c002:0:0:0:a05b
5000:dd:0:384:0:0:0:0,2401:db00:206a:c002:0:0:0:a05c
5000:dd:0:384:0:0:0:0,2401:db00:206a:c002:0:0:0:a05d
5000:dd:0:384:0:0:0:0,2401:db00:206a:c002:0:0:0:a05e
5000:dd:0:384:0:0:0:0,2401:db00:206a:c002:0:0:0:a05f
5000:dd:0:384:0:0:0:0,2401:db00:206a:c002:0:0:0:a060
5000:dd:0:384:0:0:0:0,2401:db00:206a:c002:0:0:0:a061
5000:dd:0:384:0:0:0:0,2401:db00:206a:c002:0:0:0:a062
5000:dd:0:384:0:0:0:0,2401:db00:206a:c002:0:0:0:a063
5000:dd:0:384:0:0:0:0,2401:db00:206a:c002:0:0:0:a064
5000:dd:0:384:0:0:0:0,2401:db00:206a:c002:0:0:0:a065
5000:dd:0:384:0:0:0:0,2401:db00:206a:c002:0:0:0:a066
5000:dd:0:384:0:0:0:0,2401:db00:206a:c002:0:0:0:a067
5000:dd:0:384:0:0:0:0,2401:db00:206a:c002:0:0:0:a068
5000:dd:0:384:0:0:0:0,2401:db00:206a:c002:0:0:0:a069
5000:dd:0:384:0:0:0:0,2401:db00:206a:c002:0:0:0:a06a
5000:dd:0:384:0:0:0:0,2401:db00:206a:c002:0:0:0:a06b
5000:dd:0:384:0:0:0:0,2401:db00:206a:c002:0:0:0:a06c
5000:dd:0:384:0:0:0:0,2401:db00:206a:c002:0:0:0:a06d
5000:dd:0:384:0:0:0:0,2401:db00:206a:c002:0:0:0:a06e
5000:dd:0:384:0:0:0:0,2401:db00:206a:c002:0:0:0:a06f
5000:dd:0:384:0:0:0:0,2401:db00:206a:c002:0:0:0:a070
5000:dd:0:384:0:0:0:0,2401:db00:206a:c002:0:0:0:a071
5000:dd:0:384:0:0:0:0,2401:db00:206a:c002:0:0:0:a072
5000:dd:0:384:0:0:0:0,2401:db00:206a:c002:0:0:0:a073
5000:dd:0:384:0:0:0:0,2401:db00:206a:c002:0:0:0:a074
5000:dd:0:384:0:0:0:0,2401:db00:206a:c002:0:0:0:a075
5000:dd:0:384:0:0:0:0,2401:db00:206a:c002:0:0:0:a076
5000:dd:0:384:0:0:0:0,2401:db00:206a:c002:0:0:0:a077
